{"count":1,"self":7.0089223999999994,"total":20.029377999999998,"children":{"AgentResetIfDone":{"count":4667,"self":0.0298719,"total":0.0298719,"children":null},"AgentSendState":{"count":4667,"self":0.1087287,"total":0.2977218,"children":{"CollectObservations":{"count":4668,"self":0.1889931,"total":0.1889931,"children":null}}},"DecideAction":{"count":4667,"self":11.8208208,"total":12.3341256,"children":{"AgentInfo.ToProto":{"count":2334,"self":0.1793168,"total":0.5133046,"children":{"RayPerceptionSensor.Perceive":{"count":4668,"self":0.3339878,"total":0.3339878,"children":null}}}}},"AcademyStep":{"count":4667,"self":0.0199131,"total":0.0199131,"children":null},"AgentAct":{"count":4667,"self":0.3378257,"total":0.3378257,"children":null}}}