{"count":1,"self":19.991769599999998,"total":25.169413,"children":{"AgentResetIfDone":{"count":1040,"self":0.0038426999999999997,"total":0.0038426999999999997,"children":null},"AgentSendState":{"count":1040,"self":0.0059444,"total":0.0237065,"children":{"CollectObservations":{"count":1040,"self":0.0177621,"total":0.0177621,"children":null}}},"DecideAction":{"count":1040,"self":5.0598848,"total":5.0973125999999995,"children":{"RayPerceptionSensor.Perceive":{"count":1040,"self":0.0374276,"total":0.0374276,"children":null}}},"AcademyStep":{"count":1040,"self":0.0040825,"total":0.0040825,"children":null},"AgentAct":{"count":1040,"self":0.0477022,"total":0.0477022,"children":null}}}