{"count":1,"self":132.976576,"total":174.708589,"children":{"AgentResetIfDone":{"count":8523,"self":0.014890899999999999,"total":0.014890899999999999,"children":null},"AgentSendState":{"count":8523,"self":0.0694185,"total":0.2174479,"children":{"CollectObservations":{"count":8524,"self":0.1480294,"total":0.1480294,"children":null}}},"DecideAction":{"count":8523,"self":40.172873599999996,"total":40.5607541,"children":{"RayPerceptionSensor.Perceive":{"count":8524,"self":0.3878814,"total":0.3878814,"children":null}}},"AcademyStep":{"count":8523,"self":0.023149899999999998,"total":0.023149899999999998,"children":null},"AgentAct":{"count":8523,"self":0.91576989999999991,"total":0.91576989999999991,"children":null}}}