{"count":1,"self":60.355174399999996,"total":77.5707386,"children":{"AgentResetIfDone":{"count":3487,"self":0.010020099999999999,"total":0.010020099999999999,"children":null},"AgentSendState":{"count":3487,"self":0.028884399999999998,"total":0.09118069999999999,"children":{"CollectObservations":{"count":3488,"self":0.0622963,"total":0.0622963,"children":null}}},"DecideAction":{"count":3487,"self":16.6788864,"total":16.8390976,"children":{"RayPerceptionSensor.Perceive":{"count":3488,"self":0.16021159999999998,"total":0.16021159999999998,"children":null}}},"AcademyStep":{"count":3487,"self":0.0108501,"total":0.0108501,"children":null},"AgentAct":{"count":3487,"self":0.2634196,"total":0.2634196,"children":null}}}