{"count":1,"gauges":{},"self":29.0145888,"total":37.497696499999996,"children":{"AgentResetIfDone":{"count":646,"self":0.016967799999999998,"total":0.016967799999999998,"children":null},"AgentSendState":{"count":646,"self":0.0599306,"total":0.1968164,"children":{"CollectObservations":{"count":2080,"self":0.1368858,"total":0.1368858,"children":null}}},"DecideAction":{"count":646,"self":7.2145095999999995,"total":7.5461671,"children":{"AgentInfo.ToProto":{"count":130,"self":0.1469354,"total":0.3316574,"children":{"RayPerceptionSensor.Perceive":{"count":2080,"self":0.184722,"total":0.184722,"children":null}}}}},"AcademyStep":{"count":646,"self":0.0049942,"total":0.0049942,"children":null},"AgentAct":{"count":646,"self":0.7161552,"total":0.7161552,"children":null}}}