{"count":1,"gauges":{},"self":158.36529919999998,"total":253.07160639999998,"children":{"AgentResetIfDone":{"count":27206,"self":0.30868799999999996,"total":0.30868799999999996,"children":null},"AgentSendState":{"count":27206,"self":1.2168731,"total":4.0567719,"children":{"CollectObservations":{"count":87072,"self":2.8398988,"total":2.8398988,"children":null}}},"DecideAction":{"count":27206,"self":69.5268032,"total":76.8220718,"children":{"AgentInfo.ToProto":{"count":5442,"self":3.5090288,"total":7.2952677999999995,"children":{"RayPerceptionSensor.Perceive":{"count":87072,"self":3.7862388,"total":3.7862389,"children":null}}}}},"AcademyStep":{"count":27206,"self":0.11502799999999999,"total":0.11502799999999999,"children":null},"AgentAct":{"count":27206,"self":13.402753599999999,"total":13.402753299999999,"children":null}}}